NamePoke,OwnedBy,Favorited,PointValue,Score,Diff,Kills,Death,Wins,GamesPlayed
Bulbasaur,,,0,,,,,,
Ivysaur,,,0,,,,,,
Venusaur,,,16,,,,,,
Charmander,,,0,,,,,,
Charmeleon,,,0,,,,,,
Charizard,,,8,,,,,,
Squirtle,,,1,,,,,,
Wartortle,,,14,,,,,,
Blastoise,,,19,,,,,,
Caterpie,,,0,,,,,,
Metapod,,,0,,,,,,
Butterfree,,,3,,,,,,
Weedle,,,0,,,,,,
Kakuna,,,0,,,,,,
Beedrill,,,1,,,,,,
Pidgey,,,0,,,,,,
Pidgeotto,,,0,,,,,,
Pidgeot,,,1,,,,,,
Rattata,,,0,,,,,,
Raticate,,,0,,,,,,
spearow,,,0,,,,,,
Fearow,,,1,,,,,,
Ekans,,,0,,,,,,
Arbok,,,1,,,,,,
Pikachu,,,9,,,,,,
Raichu,,,10,,,,,,
Sandshrew,,,0,,,,,,
Sandslash,,,2,,,,,,
nidoran-f,,,0,,,,,,
nidorina,,,2,,,,,,
Nidoqueen,,,8,,,,,,
nidoran-m,,,0,,,,,,
nidorino,,,3,,,,,,
Nidoking,,,9,,,,,,
Clefairy,,,11,,,,,,
Clefable,,,11,,,,,,
Vulpix,,,2,,,,,,
Ninetales,,,12,,,,,,
Jigglypuff,,,0,,,,,,
Wigglytuff,,,1,,,,,,
zubat,,,0,,,,,,
Golbat,,,6,,,,,,
Oddish,,,0,,,,,,
Gloom,,,0,,,,,,
Vileplume,,,8,,,,,,
Paras,,,0,,,,,,
Parasect,,,4,,,,,,
venonat,,,0,,,,,,
Venomoth,,,4,,,,,,
Diglett,,,0,,,,,,
Dugtrio,,,4,,,,,,
Meowth,,,0,,,,,,
Persian,,,1,,,,,,
Psyduck,,,0,,,,,,
Golduck,,,7,,,,,,
Mankey,,,0,,,,,,
Primeape,,,5,,,,,,
Growlithe,,,0,,,,,,
Arcanine,,,15,,,,,,
Poliwag,,,0,,,,,,
Poliwhirl,,,0,,,,,,
Poliwrath,,,5,,,,,,
Abra,,,0,,,,,,
Kadabra,,,2,,,,,,
Alakazam,,,9,,,,,,
Machop,,,0,,,,,,
Machoke,,,2,,,,,,
Machamp,,,7,,,,,,
Bellsprout,,,0,,,,,,
weepinbell,,,0,,,,,,
Victreebel,,,9,,,,,,
tentacool,,,0,,,,,,
Tentacruel,,,3,,,,,,
Geodude,,,0,,,,,,
Graveler,,,0,,,,,,
Golem,,,2,,,,,,
Ponyta,,,0,,,,,,
Rapidash,,,2,,,,,,
slowpoke,,,0,,,,,,
slowbro,,,11,,,,,,
Magnemite,,,0,,,,,,
Magneton,,,2,,,,,,
Farfetch'd,,,0,,,,,,
Doduo,,,0,,,,,,
Dodrio,,,2,,,,,,
Seel,,,0,,,,,,
Dewgong,,,3,,,,,,
Grimer,,,0,,,,,,
Muk,,,3,,,,,,
Shellder,,,0,,,,,,
Cloyster,,,2,,,,,,
Gastly,,,0,,,,,,
Haunter,,,2,,,,,,
Gengar,,,9,,,,,,
Onix,,,0,,,,,,
Drowzee,,,0,,,,,,
Hypno,,,2,,,,,,
Krabby,,,0,,,,,,
Kingler,,,3,,,,,,
voltorb,,,0,,,,,,
Electrode,,,3,,,,,,
Exeggcute,,,0,,,,,,
Exeggutor,,,4,,,,,,
Cubone,,,0,,,,,,
Marowak,,,5,,,,,,
Hitmonlee,,,2,,,,,,
Hitmonchan,,,7,,,,,,
Lickitung,,,0,,,,,,
Koffing,,,0,,,,,,
Weezing,,,4,,,,,,
Rhyhorn,,,0,,,,,,
Rhydon,,,6,,,,,,
Chansey,,,4,,,,,,
Tangela,,,7,,,,,,
Kangaskhan,,,3,,,,,,
Horsea,,,0,,,,,,
Seadra,,,0,,,,,,
Goldeen,,,0,,,,,,
Seaking,,,0,,,,,,
staryu,,,0,,,,,,
Starmie,,,9,,,,,,
Mr. Mime,,,3,,,,,,
Scyther,,,3,,,,,,
Jynx,,,6,,,,,,
Electabuzz,,,5,,,,,,
Magmar,,,10,,,,,,
Pinsir,,,1,,,,,,
Tauros,,,6,,,,,,
Magikarp,,,0,,,,,,
Gyarados,,,12,,,,,,
Lapras,,,1,,,,,,
Ditto,,,5,,,,,,
Eevee,,,0,,,,,,
Vaporeon,,,7,,,,,,
Jolteon,,,5,,,,,,
Flareon,,,1,,,,,,
Porygon,,,0,,,,,,
Omanyte,,,0,,,,,,
Omastar,,,8,,,,,,
Kabuto,,,0,,,,,,
Kabutops,,,10,,,,,,
Aerodactyl,,,6,,,,,,
Snorlax,,,6,,,,,,
Articuno,,,2,,,,,,
Zapdos,,,16,,,,,,
Moltres,,,11,,,,,,
Dratini,,,0,,,,,,
Dragonair,,,2,,,,,,
Dragonite,,,11,,,,,,
Mewtwo,,,21,,,,,,
Mew,,,21,,,,,,
Chikorita,,,0,,,,,,
Bayleef,,,0,,,,,,
Meganium,,,1,,,,,,
Cyndaquil,,,0,,,,,,
Quilava,,,0,,,,,,
Typhlosion,,,6,,,,,,
totodile,,,0,,,,,,
Croconaw,,,0,,,,,,
Feraligatr,,,8,,,,,,
Sentret,,,0,,,,,,
Furret,,,1,,,,,,
Hoothoot,,,0,,,,,,
Noctowl,,,1,,,,,,
Ledyba,,,0,,,,,,
Ledian,,,0,,,,,,
spinarak,,,1,,,,,,
Ariados,,,1,,,,,,
Crobat,,,11,,,,,,
Chinchou,,,0,,,,,,
Lanturn,,,3,,,,,,
Pichu,,,0,,,,,,
Cleffa,,,0,,,,,,
Igglybuff,,,0,,,,,,
togepi,,,0,,,,,,
Togetic,,,8,,,,,,
Natu,,,0,,,,,,
Xatu,,,3,,,,,,
Mareep,,,0,,,,,,
Flaaffy,,,0,,,,,,
Ampharos,,,2,,,,,,
Bellossom,,,4,,,,,,
Marill,,,0,,,,,,
Azumarill,,,14,,,,,,
Sudowoodo,,,1,,,,,,
Politoed,,,17,,,,,,
Hoppip,,,0,,,,,,
Skiploom,,,0,,,,,,
Jumpluff,,,8,,,,,,
Aipom,,,1,,,,,,
Sunkern,,,0,,,,,,
sunflora,,,0,,,,,,
yanma,,,0,,,,,,
wooper,,,0,,,,,,
Quagsire,,,5,,,,,,
Espeon,,,5,,,,,,
Umbreon,,,8,,,,,,
Murkrow,,,8,,,,,,
Slowking,,,12,,,,,,
Misdreavus,,,0,,,,,,
Unown,,,0,,,,,,
wobbuffet,,,0,,,,,,
Girafarig,,,3,,,,,,
Pineco,,,0,,,,,,
Forretress,,,2,,,,,,
Dunsparce,,,3,,,,,,
Gligar,,,3,,,,,,
Steelix,,,2,,,,,,
snubbull,,,0,,,,,,
Granbull,,,4,,,,,,
Qwilfish,,,5,,,,,,
Scizor,,,11,,,,,,
Shuckle,,,1,,,,,,
Heracross,,,3,,,,,,
sneasel,,,6,,,,,,
teddiursa,,,0,,,,,,
Ursaring,,,4,,,,,,
slugma,,,0,,,,,,
Magcargo,,,1,,,,,,
swinub,,,0,,,,,,
Piloswine,,,2,,,,,,
Corsola,,,0,,,,,,
Remoraid,,,0,,,,,,
Octillery,,,0,,,,,,
Delibird,,,0,,,,,,
Mantine,,,6,,,,,,
Skarmory,,,6,,,,,,
Houndour,,,0,,,,,,
Houndoom,,,3,,,,,,
Kingdra,,,15,,,,,,
Phanpy,,,0,,,,,,
Donphan,,,2,,,,,,
Porygon2,,,18,,,,,,
Stantler,,,4,,,,,,
Smeargle,,,11,,,,,,
tyrogue,,,0,,,,,,
Hitmontop,,,15,,,,,,
smoochum,,,0,,,,,,
Elekid,,,0,,,,,,
Magby,,,0,,,,,,
Miltank,,,2,,,,,,
Blissey,,,3,,,,,,
Raikou,,,10,,,,,,
Entei,,,15,,,,,,
Suicune,,,12,,,,,,
Larvitar,,,0,,,,,,
Pupitar,,,0,,,,,,
Tyranitar,,,15,,,,,,
Lugia,,,21,,,,,,
Ho-Oh,,,21,,,,,,
Celebi,,,8,,,,,,
treecko,,,0,,,,,,
Grovyle,,,0,,,,,,
Sceptile,,,4,,,,,,
torchic,,,0,,,,,,
Combusken,,,0,,,,,,
Blaziken,,,12,,,,,,
Mudkip,,,0,,,,,,
Marshtomp,,,0,,,,,,
Swampert,,,8,,,,,,
Poochyena,,,0,,,,,,
Mightyena,,,1,,,,,,
zigzagoon,,,0,,,,,,
Linoone,,,2,,,,,,
wurmple,,,0,,,,,,
Silcoon,,,0,,,,,,
Beautifly,,,0,,,,,,
Cascoon,,,0,,,,,,
Dustox,,,0,,,,,,
Lotad,,,0,,,,,,
Lombre,,,0,,,,,,
Ludicolo,,,14,,,,,,
Seedot,,,0,,,,,,
Nuzleaf,,,0,,,,,,
Shiftry,,,8,,,,,,
taillow,,,0,,,,,,
Swellow,,,4,,,,,,
wingull,,,0,,,,,,
Pelipper,,,18,,,,,,
Ralts,,,0,,,,,,
Kirlia,,,0,,,,,,
Gardevoir,,,6,,,,,,
surskit,,,0,,,,,,
Masquerain,,,1,,,,,,
Shroomish,,,0,,,,,,
Breloom,,,10,,,,,,
slakoth,,,0,,,,,,
vigoroth,,,0,,,,,,
Slaking,,,1,,,,,,
Nincada,,,0,,,,,,
Ninjask,,,1,,,,,,
Shedinja,,,1,,,,,,
whismur,,,0,,,,,,
Loudred,,,0,,,,,,
Exploud,,,3,,,,,,
Makuhita,,,0,,,,,,
Hariyama,,,14,,,,,,
Azurill,,,0,,,,,,
Nosepass,,,0,,,,,,
Skitty,,,0,,,,,,
Delcatty,,,0,,,,,,
Sableye,,,9,,,,,,
Mawile,,,1,,,,,,
Aron,,,0,,,,,,
Lairon,,,0,,,,,,
Aggron,,,3,,,,,,
Meditite,,,0,,,,,,
Medicham,,,6,,,,,,
Electrike,,,0,,,,,,
Manectric,,,3,,,,,,
Plusle,,,1,,,,,,
Minun,,,0,,,,,,
Volbeat,,,6,,,,,,
Illumise,,,6,,,,,,
Roselia,,,0,,,,,,
Gulpin,,,0,,,,,,
Swalot,,,1,,,,,,
Carvanha,,,0,,,,,,
Sharpedo,,,5,,,,,,
wailmer,,,0,,,,,,
Wailord,,,0,,,,,,
Numel,,,0,,,,,,
camerupt,,,2,,,,,,
Torkoal,,,19,,,,,,
spoink,,,0,,,,,,
Grumpig,,,2,,,,,,
Spinda,,,1,,,,,,
trapinch,,,0,,,,,,
vibrava,,,0,,,,,,
Flygon,,,4,,,,,,
Cacnea,,,0,,,,,,
Cacturne,,,1,,,,,,
swablu,,,0,,,,,,
Altaria,,,2,,,,,,
Zangoose,,,3,,,,,,
Seviper,,,1,,,,,,
Lunatone,,,1,,,,,,
Solrock,,,1,,,,,,
Barboach,,,0,,,,,,
Whiscash,,,1,,,,,,
Corphish,,,0,,,,,,
Crawdaunt,,,6,,,,,,
Baltoy,,,0,,,,,,
Claydol,,,1,,,,,,
Lileep,,,0,,,,,,
Cradily,,,7,,,,,,
Anorith,,,0,,,,,,
Armaldo,,,2,,,,,,
Feebas,,,0,,,,,,
Milotic,,,13,,,,,,
Castform,,,0,,,,,,
Kecleon,,,2,,,,,,
Shuppet,,,0,,,,,,
Banette,,,0,,,,,,
Duskull,,,0,,,,,,
Dusclops,,,12,,,,,,
Tropius,,,1,,,,,,
Chimecho,,,0,,,,,,
Absol,,,2,,,,,,
wynaut,,,0,,,,,,
snorunt,,,0,,,,,,
Glalie,,,0,,,,,,
spheal,,,0,,,,,,
Sealeo,,,0,,,,,,
Walrein,,,1,,,,,,
Clamperl,,,0,,,,,,
Huntail,,,3,,,,,,
Gorebyss,,,4,,,,,,
Relicanth,,,1,,,,,,
Luvdisc,,,0,,,,,,
Bagon,,,0,,,,,,
Shelgon,,,0,,,,,,
Salamence,,,11,,,,,,
Beldum,,,0,,,,,,
Metang,,,0,,,,,,
Metagross,,,12,,,,,,
Regirock,,,4,,,,,,
Regice,,,2,,,,,,
Registeel,,,9,,,,,,
Latias,,,14,,,,,,
Latios,,,15,,,,,,
Kyogre,,,21,,,,,,
Groudon,,,20,,,,,,
Rayquaza,,,21,,,,,,
Jirachi,,,21,,,,,,
Deoxys,,,14,,,,,,
turtwig,,,0,,,,,,
Grotle,,,0,,,,,,
Torterra,,,2,,,,,,
Chimchar,,,0,,,,,,
Monferno,,,0,,,,,,
Infernape,,,10,,,,,,
Piplup,,,0,,,,,,
Prinplup,,,0,,,,,,
Empoleon,,,12,,,,,,
starly,,,0,,,,,,
staravia,,,0,,,,,,
staraptor,,,10,,,,,,
Bidoof,,,0,,,,,,
Bibarel,,,1,,,,,,
Kricketot,,,0,,,,,,
Kricketune,,,1,,,,,,
Shinx,,,0,,,,,,
Luxio,,,0,,,,,,
Luxray,,,3,,,,,,
Budew,,,0,,,,,,
Roserade,,,8,,,,,,
Cranidos,,,0,,,,,,
Rampardos,,,3,,,,,,
Shieldon,,,0,,,,,,
Bastiodon,,,0,,,,,,
Burmy,,,0,,,,,,
Wormadam-Plant,,,1,,,,,,
Mothim,,,0,,,,,,
Combee,,,0,,,,,,
Vespiquen,,,1,,,,,,
Pachirisu,,,5,,,,,,
Buizel,,,0,,,,,,
Floatzel,,,12,,,,,,
Cherubi,,,0,,,,,,
Cherrim,,,2,,,,,,
Shellos,,,0,,,,,,
Gastrodon,,,12,,,,,,
Ambipom,,,9,,,,,,
Drifloon,,,0,,,,,,
Drifblim,,,8,,,,,,
Buneary,,,0,,,,,,
Lopunny,,,4,,,,,,
Mismagius,,,3,,,,,,
Honchkrow,,,2,,,,,,
Glameow,,,0,,,,,,
Purugly,,,2,,,,,,
Chingling,,,0,,,,,,
stunky,,,0,,,,,,
Skuntank,,,2,,,,,,
Bronzor,,,0,,,,,,
Bronzong,,,14,,,,,,
Bonsly,,,0,,,,,,
Mime Jr.,,,0,,,,,,
Happiny,,,0,,,,,,
Chatot,,,4,,,,,,
Spiritomb,,,2,,,,,,
Gible,,,0,,,,,,
Gabite,,,0,,,,,,
Garchomp,,,14,,,,,,
Munchlax,,,0,,,,,,
Riolu,,,3,,,,,,
Lucario,,,6,,,,,,
Hippopotas,,,2,,,,,,
Hippowdon,,,11,,,,,,
skorupi,,,0,,,,,,
Drapion,,,2,,,,,,
Croagunk,,,0,,,,,,
toxicroak,,,6,,,,,,
Carnivine,,,0,,,,,,
Finneon,,,0,,,,,,
Lumineon,,,3,,,,,,
Mantyke,,,0,,,,,,
snover,,,0,,,,,,
Abomasnow,,,10,,,,,,
Weavile,,,11,,,,,,
Magnezone,,,7,,,,,,
Lickilicky,,,3,,,,,,
Rhyperior,,,7,,,,,,
Tangrowth,,,8,,,,,,
Electivire,,,4,,,,,,
Magmortar,,,9,,,,,,
Togekiss,,,14,,,,,,
Yanmega,,,3,,,,,,
Leafeon,,,3,,,,,,
Glaceon,,,4,,,,,,
Gliscor,,,7,,,,,,
Mamoswine,,,11,,,,,,
PorygonZ,,,8,,,,,,
Gallade,,,10,,,,,,
Probopass,,,0,,,,,,
Dusknoir,,,6,,,,,,
Froslass,,,2,,,,,,
Rotom,,,8,,,,,,
Uxie,,,8,,,,,,
Mesprit,,,7,,,,,,
Azelf,,,11,,,,,,
Dialga,,,21,,,,,,
Palkia,,,19,,,,,,
Heatran,,,15,,,,,,
Regigigas,,,4,,,,,,
Giratina,,,16,,,,,,
Cresselia,,,17,,,,,,
Phione,,,9,,,,,,
Manaphy,,,14,,,,,,
Darkrai,,,15,,,,,,
Shaymin,,,10,,,,,,
Arceus,,,21,,,,,,
Victini,,,15,,,,,,
snivy,,,0,,,,,,
Servine,,,0,,,,,,
Serperior,,,9,,,,,,
tepig,,,0,,,,,,
Pignite,,,0,,,,,,
Emboar,,,6,,,,,,
Oshawott,,,0,,,,,,
Dewott,,,0,,,,,,
Samurott,,,2,,,,,,
Patrat,,,0,,,,,,
watchog,,,0,,,,,,
Lillipup,,,0,,,,,,
Herdier,,,0,,,,,,
Stoutland,,,6,,,,,,
Purrloin,,,0,,,,,,
Liepard,,,8,,,,,,
Pansage,,,0,,,,,,
Simisage,,,2,,,,,,
Pansear,,,0,,,,,,
Simisear,,,3,,,,,,
Panpour,,,0,,,,,,
Simipour,,,3,,,,,,
Munna,,,0,,,,,,
Musharna,,,8,,,,,,
Pidove,,,0,,,,,,
tranquill,,,0,,,,,,
Unfezant,,,1,,,,,,
Blitzle,,,0,,,,,,
Zebstrika,,2025,1,,,,,,
Roggenrola,,,0,,,,,,
Boldore,,,0,,,,,,
Gigalith,,,12,,,,,,
woobat,,,0,,,,,,
Swoobat,,,1,,,,,,
Drilbur,,,0,,,,,,
Excadrill,,,15,,,,,,
Audino,,,5,,,,,,
timburr,,,0,,,,,,
Gurdurr,,,4,,,,,,
Conkeldurr,,,11,,,,,,
tympole,,,0,,,,,,
Palpitoad,,,0,,,,,,
seismitoad,,,10,,,,,,
Throh,,,2,,,,,,
Sawk,,,3,,,,,,
Sewaddle,,,0,,,,,,
swadloon,,,0,,,,,,
Leavanny,,,2,,,,,,
venipede,,,0,,,,,,
whirlipede,,,0,,,,,,
Scolipede,,,5,,,,,,
Cottonee,,,5,,,,,,
Whimsicott,,,17,,,,,,
Petilil,,,0,,,,,,
Lilligant,,,7,,,,,,
Basculin,,,3,,,,,,
Sandile,,,0,,,,,,
Krokorok,,,0,,,,,,
Krookodile,,,12,,,,,,
Darumaka,,,0,,,,,,
Darmanitan,,,10,,,,,,
Maractus,,,2,,,,,,
Dwebble,,,0,,,,,,
Crustle,,,2,,,,,,
Scraggy,,,0,,,,,,
Scrafty,,,15,,,,,,
Sigilyph,,,7,,,,,,
yamask,,,0,,,,,,
Cofagrigus,,,8,,,,,,
tirtouga,,,0,,,,,,
Carracosta,,,3,,,,,,
Archen,,,0,,,,,,
Archeops,,,5,,,,,,
trubbish,,,0,,,,,,
Garbodor,,,2,,,,,,
zorua,,,0,,,,,,
Zoroark,,,5,,,,,,
Minccino,,,0,,,,,,
Cinccino,,,6,,,,,,
Gothita,,,0,,,,,,
Gothorita,,,0,,,,,,
Gothitelle,,,8,,,,,,
solosis,,,0,,,,,,
Duosion,,,0,,,,,,
Reuniclus,,,13,,,,,,
Ducklett,,,0,,,,,,
swanna,,,0,,,,,,
vanillite,,,0,,,,,,
vanillish,,,0,,,,,,
Vanilluxe,,,9,,,,,,
Deerling,,,0,,,,,,
Sawsbuck,,,2,,,,,,
Emolga,,,1,,,,,,
Karrablast,,,0,,,,,,
Escavalier,,,10,,,,,,
Foongus,,,3,,,,,,
Amoonguss,,,18,,,,,,
Frillish-male,,,0,,,,,,
Jellicent,,,12,,,,,,
Alomomola,,,6,,,,,,
Joltik,,,0,,,,,,
Galvantula,,,2,,,,,,
Ferroseed,,,0,,,,,,
Ferrothorn,,,10,,,,,,
Klink,,,0,,,,,,
Klang,,,0,,,,,,
Klinklang,,,2,,,,,,
tynamo,,,0,,,,,,
Eelektrik,,,0,,,,,,
Eelektross,,,3,,,,,,
Elgyem,,,0,,,,,,
Beheeyem,,,4,,,,,,
Litwick,,,0,,,,,,
Lampent,,,0,,,,,,
Chandelure,,,10,,,,,,
Axew,,,0,,,,,,
Fraxure,,,0,,,,,,
Haxorus,,,6,,,,,,
Cubchoo,,,0,,,,,,
Beartic,,,3,,,,,,
Cryogonal,,,2,,,,,,
Shelmet,,,0,,,,,,
Accelgor,,,6,,,,,,
Stunfisk,,,1,,,,,,
Mienfoo,,,0,,,,,,
Mienshao,,,12,,,,,,
Druddigon,,,5,,,,,,
Golett,,,0,,,,,,
Golurk,,,5,,,,,,
Pawniard,,,0,,,,,,
Bisharp,,,12,,,,,,
Bouffalant,,,5,,,,,,
Rufflet,,,0,,,,,,
Braviary,,,6,,,,,,
vullaby,,,0,,,,,,
Mandibuzz,,,11,,,,,,
Heatmor,,,1,,,,,,
Durant,,,3,,,,,,
Deino,,,0,,,,,,
zweilous,,,0,,,,,,
Hydreigon,,,13,,,,,,
Larvesta,,,0,,,,,,
Volcarona,,,15,,,,,,
cobalion,,,8,,,,,,
Terrakion,,,14,,,,,,
Virizion,,,7,,,,,,
Tornadus,,,17,,,,,,
Thundurus,,,15,,,,,,
Reshiram,,,21,,,,,,
Zekrom,,,21,,,,,,
Landorus,,,18,,,,,,
Kyurem,,,13,,,,,,
Keldeo,,,14,,,,,,
Meloetta,,,21,,,,,,
Genesect,,,19,,,,,,
Chespin,,,0,,,,,,
Quilladin,,,0,,,,,,
Chesnaught,,,2,,,,,,
Fennekin,,,0,,,,,,
Braixen,,,0,,,,,,
delphox,,,7,,,,,,
Froakie,,,0,,,,,,
Frogadier,,,0,,,,,,
Greninja,,,11,,,,,,
Bunnelby,,,0,,,,,,
Diggersby,,,8,,,,,,
Fletchling,,,0,,,,,,
Fletchinder,,,0,,,,,,
Talonflame,,,8,,,,,,
Scatterbug,,,0,,,,,,
spewpa,,,0,,,,,,
Vivillon,,,4,,,,,,
Litleo,,,0,,,,,,
Pyroar,,,6,,,,,,
flabebe,,,0,,,,,,
Floette,,,0,,,,,,
Florges,,,6,,,,,,
Skiddo,,,0,,,,,,
Gogoat,,,1,,,,,,
Pancham,,,0,,,,,,
Pangoro,,,5,,,,,,
Furfrou,,,1,,,,,,
Espurr,,,0,,,,,,
Meowstic-M,,,9,,,,,,
Honedge,,,0,,,,,,
Doublade,,,2,,,,,,
Aegislash,,,10,,,,,,
spritzee,,,0,,,,,,
Aromatisse,,,10,,,,,,
swirlix,,,0,,,,,,
Slurpuff,,,3,,,,,,
Inkay,,,0,,,,,,
Malamar,,,3,,,,,,
Binacle,,,0,,,,,,
Barbaracle,,,2,,,,,,
skrelp,,,0,,,,,,
Dragalge,,,10,,,,,,
Clauncher,,,0,,,,,,
Clawitzer,,,2,,,,,,
Helioptile,,,0,,,,,,
Heliolisk,,,7,,,,,,
tyrunt,,,0,,,,,,
Tyrantrum,,,5,,,,,,
Amaura,,,1,,,,,,
Aurorus,,,5,,,,,,
Sylveon,,,14,,,,,,
Hawlucha,,,10,,,,,,
Dedenne,,,1,,,,,,
Carbink,,,4,,,,,,
Goomy,,,0,,,,,,
sliggoo,,,0,,,,,,
Goodra,,,6,,,,,,
Klefki,,,11,,,,,,
Phantump,,,0,,,,,,
Trevenant,,,2,,,,,,
pumpkaboo-average,,,0,,,,,,
Gourgeist-Average,,,3,,,,,,
Bergmite,,,0,,,,,,
avalugg,,,2,,,,,,
Noibat,,,0,,,,,,
Noivern,,,7,,,,,,
xerneas,,,21,,,,,,
yveltal,,,21,,,,,,
Zygarde,,,15,,,,,,
Diancie,,,17,,,,,,
Hoopa,,,8,,,,,,
Volcanion,,,16,,,,,,
Rowlet,,,0,,,,,,
Dartrix,,,0,,,,,,
Decidueye,,,6,,,,,,
Litten,,,0,,,,,,
Torracat,,,4,,,,,,
Incineroar,,,20,,,,,,
Popplio,,,0,,,,,,
Brionne,,,0,,,,,,
Primarina,,,14,,,,,,
Pikipek,,,0,,,,,,
trumbeak,,,0,,,,,,
Toucannon,,,1,,,,,,
yungoos,,,0,,,,,,
Gumshoos,,,2,,,,,,
Grubbin,,,0,,,,,,
Charjabug,,,3,,,,,,
Vikavolt,,,8,,,,,,
Crabrawler,,,0,,,,,,
Crabominable,,,3,,,,,,
Oricorio-Baile,,,1,,,,,,
Cutiefly,,,0,,,,,,
Ribombee,,Summer 2023,12,,,,,,
Rockruff,,,0,,,,,,
Lycanroc-Midday,,,3,,,,,,
Wishiwashi,,,3,,,,,,
Mareanie,,,0,,,,,,
Toxapex,,,7,,,,,,
Mudbray,,,0,,,,,,
Mudsdale,,,9,,,,,,
Dewpider,,,0,,,,,,
Araquanid,,,10,,,,,,
Fomantis,,,0,,,,,,
Lurantis,,,9,,,,,,
Morelull,,,0,,,,,,
Shiinotic,,,3,,,,,,
Salandit,,,0,,,,,,
Salazzle,,,7,,,,,,
stufful,,,0,,,,,,
Bewear,,,6,,,,,,
Bounsweet,,,0,,,,,,
steenee,,,0,,,,,,
Tsareena,,,11,,,,,,
Comfey,,,10,,,,,,
Oranguru,,,14,,,,,,
Passimian,,,5,,,,,,
wimpod,,,0,,,,,,
Golisopod,,,2,,,,,,
Sandygast,,,0,,,,,,
Palossand,,,2,,,,,,
Pyukumuku,,,0,,,,,,
Type: Null,,,2,,,,,,
Silvally,,,5,,,,,,
Minior,,,3,,,,,,
Komala,,,1,,,,,,
Turtonator,,,1,,,,,,
Togedemaru,,,10,,,,,,
Mimikyu,,,14,,,,,,
Bruxish,,,6,,,,,,
Drampa,,,7,,,,,,
Dhelmise,,,6,,,,,,
Jangmo-o,,,0,,,,,,
Hakamo-o,,,0,,,,,,
Kommo-o,,,10,,,,,,
Tapu Koko,,,20,,,,,,
Tapu Lele,,,19,,,,,,
Tapu Bulu,,,13,,,,,,
Tapu Fini,,,17,,,,,,
Cosmog,,,0,,,,,,
Cosmoem,,,0,,,,,,
solgaleo,,,21,,,,,,
Lunala,,,21,,,,,,
Nihilego,,,14,,,,,,
Buzzwole,,,9,,,,,,
Pheromosa,,,14,,,,,,
Xurkitree,,,11,,,,,,
Celesteela,,,15,,,,,,
Kartana,,,20,,,,,,
Guzzlord,,,3,,,,,,
Necrozma,,,14,,,,,,
Magearna,,,21,,,,,,
Marshadow,,,16,,,,,,
Poipole,,,0,,,,,,
Naganadel,,,14,,,,,,
Stakataka,,,12,,,,,,
Blacephalon,,,13,,,,,,
Zeraora,,,16,,,,,,
Meltan,,,0,,,,,,
Melmetal,,,21,,,,,,
Grookey,,,0,,,,,,
Thwackey,,,4,,,,,,
Rillaboom,,,19,,,,,,
Scorbunny,,,0,,,,,,
Raboot,,,0,,,,,,
Cinderace,,,12,,,,,,
sobble,,,0,,,,,,
Drizzile,,,0,,,,,,
Inteleon,,,8,,,,,,
skwovet,,,0,,,,,,
Greedent,,,7,,,,,,
Rookidee,,,0,,,,,,
Corvisquire,,,0,,,,,,
Corviknight,,,10,,,,,,
Blipbug,,,0,,,,,,
Dottler,,,0,,,,,,
Orbeetle,,,1,,,,,,
Nickit,,,0,,,,,,
Thievul,,,2,,,,,,
Gossifleur,,,0,,,,,,
Eldegoss,,,1,,,,,,
wooloo,,,0,,,,,,
Dubwool,,,2,,,,,,
Chewtle,,,0,,,,,,
Drednaw,,,8,,,,,,
Yamper,,,0,,,,,,
Boltund,,,2,,,,,,
Rolycoly,,,0,,,,,,
Carkol,,,0,,,,,,
Coalossal,,,1,,,,,,
Applin,,,1,,,,,,
Flapple,,,2,,,,,,
Appletun,,,3,,,,,,
Silicobra,,,0,,,,,,
Sandaconda,,,2,,,,,,
Cramorant,,,0,,,,,,
Arrokuda,,,0,,,,,,
Barraskewda,,,12,,,,,,
toxel,,,0,,,,,,
Toxtricity,,,8,,,,,,
Sizzlipede,,,0,,,,,,
Centiskorch,,,1,,,,,,
Clobbopus,,,0,,,,,,
Grapploct,,,2,,,,,,
Sinistea,,,0,,,,,,
Polteageist,,,2,,,,,,
Hatenna,,,0,,,,,,
Hattrem,,,0,,,,,,
Hatterene,,,14,,,,,,
Impidimp,,,1,,,,,,
Morgrem,,,8,,,,,,
Grimmsnarl,,,19,,,,,,
Obstagoon,,,6,,,,,,
Perrserker,,,6,,,,,,
Cursola,,,3,,,,,,
Sirfetch'd,,,4,,,,,,
Mr. Rime,,,3,,,,,,
Runerigus,,,7,,,,,,
Milcery,,,0,,,,,,
Alcremie,,,7,,,,,,
Falinks,,,2,,,,,,
Pincurchin,,,8,,,,,,
snom,,,0,,,,,,
Frosmoth,,,2,,,,,,
Stonjourner,,,2,,,,,,
Eiscue,,,1,,,,,,
Indeedee-M,,,12,,,,,,
Morpeko,,,1,,,,,,
Cufant,,,0,,,,,,
Copperajah,,,6,,,,,,
Dracozolt,,,15,,,,,,
Arctozolt,,,12,,,,,,
Dracovish,,,17,,,,,,
Arctovish,,,7,,,,,,
Duraludon,,,7,,,,,,
Dreepy,,,0,,,,,,
Drakloak,,,0,,,,,,
Dragapult,,,15,,,,,,
zacian,,,21,,,,,,
zamazenta,,,21,,,,,,
Eternatus,,,21,,,,,,
Kubfu,,,0,,,,,,
urshifu-single-strike,,,21,,,,,,
Zarude,,,8,,,,,,
Regieleki,,,17,,,,,,
Regidrago,,,10,,,,,,
Glastrier,,,11,,,,,,
Spectrier,,,15,,,,,,
Calyrex,,,1,,,,,,
Wyrdeer,,,5,,,,,,
Kleavor,,,11,,,,,,
Ursaluna,,,18,,,,,,
Basculegion-M,,,17,,,,,,
Sneasler,,,16,,,,,,
Overqwil,,,13,,,,,,
Enamorus,,,17,,,,,,
sprigatito,,,0,,,,,,
Floragato,,,0,,,,,,
Meowscarada,,,14,,,,,,
Fuecoco,,,0,,,,,,
Crocalor,,,0,,,,,,
Skeledirge,,,11,,,,,,
Quaxly,,,0,,,,,,
Quaxwell,,,0,,,,,,
Quaquaval,,,8,,,,,,
Lechonk,,,0,,,,,,
Oinkologne-M,,,1,,,,,,
Tarountula,,,0,,,,,,
Spidops,,2022,1,,,,,,
Nymble,,,0,,,,,,
Lokix,,,4,,,,,,
Pawmi,,,0,,,,,,
Pawmo,,,0,,,,,,
Pawmot,,,10,,,,,,
Tandemaus,,,0,,,,,,
Maushold,,,13,,,,,,
Fidough,,,0,,,,,,
Dachsbun,,,3,,,,,,
Smoliv,,,0,,,,,,
Dolliv,,,0,,,,,,
Arboliva,,,10,,,,,,
Squawkabilly,,,1,,,,,,
Nacli,,,0,,,,,,
Naclstack,,,0,,,,,,
Garganacl,,,10,,,,,,
Charcadet,,,0,,,,,,
Armarouge,,,13,,,,,,
Ceruledge,,,10,,,,,,
tadbulb,,,0,,,,,,
Bellibolt,,,2,,,,,,
Wattrel,,,0,,,,,,
Kilowattrel,,,10,,,,,,
Maschiff,,,0,,,,,,
Mabosstiff,,,7,,,,,,
Shroodle,,,0,,,,,,
Grafaiai,,,7,,,,,,
Bramblin,,,0,,,,,,
Brambleghast,,,4,,,,,,
toedscool,,,0,,,,,,
Toedscruel,,,7,,,,,,
Klawf,,,1,,,,,,
Capsakid,,,0,,,,,,
Scovillain,,,11,,,,,,
Rellor,,,0,,,,,,
Rabsca,,,2,,,,,,
Flittle,,,0,,,,,,
Espathra,,,12,,,,,,
Tinkatink,,,0,,,,,,
tinkatuff,,,0,,,,,,
Tinkaton,,,14,,,,,,
wiglett,,,0,,,,,,
Wugtrio,,,1,,,,,,
Bombirdier,,,3,,,,,,
Finizen,,,0,,,,,,
Palafin,,,16,,,,,,
varoom,,,0,,,,,,
Revavroom,,,3,,,,,,
Cyclizar,,,10,,,,,,
Orthworm,,,6,,,,,,
Glimmet,,,0,,,,,,
Glimmora,,,15,,,,,,
Greavard,,,0,,,,,,
Houndstone,,,13,,,,,,
Flamigo,,,8,,,,,,
Cetoddle,,,0,,,,,,
Cetitan,,,9,,,,,,
Veluza,,,2,,,,,,
Dondozo,,,3,,,,,,
Tatsugiri,,,7,,,,,,
Annihilape,,,11,,,,,,
Clodsire,,,2,,,,,,
Farigiraf,,,15,,,,,,
Dudunsparce,,,7,,,,,,
Kingambit,,,18,,,,,,
Great Tusk,,,16,,,,,,
Scream Tail,,,12,,,,,,
Brute Bonnet,,,11,,,,,,
Flutter Mane,,,20,,,,,,
Slither Wing,,,8,,,,,,
Sandy Shocks,,,12,,,,,,
Iron Treads,,,13,,,,,,
Iron Bundle,,,17,,,,,,
Iron Hands,,,20,,,,,,
Iron Jugulis,,,12,,,,,,
Iron Moth,,,13,,,,,,
Iron Thorns,,,6,,,,,,
Frigibax,,,0,,,,,,
Arctibax,,,0,,,,,,
Baxcalibur,,,14,,,,,,
Gimmighoul,,,0,,,,,,
Gholdengo,,,17,,,,,,
Wo-Chien,,,11,,,,,,
Chien-Pao,,,20,,,,,,
Ting Lu,,,18,,,,,,
Chi-Yu,,,20,,,,,,
Roaring Moon,,,19,,,,,,
Iron Valiant,,,15,,,,,,
Koraidon,,,21,,,,,,
Miraidon,,,21,,,,,,
Walking Wake,,,20,,,,,,
Iron Leaves,,,13,,,,,,
Dipplin,,,4,,,,,,
Poltchageist,,,0,,,,,,
Sinistcha,,,16,,,,,,
Okidogi,,,12,,,,,,
Munkidori,,,14,,,,,,
Fezandipiti,,,8,,,,,,
Ogerpon,,,18,,,,,,
Archaludon,,,18,,,,,,
Hydrapple,,,15,,,,,,
Gouging Fire,,,16,,,,,,
Raging Bolt,,,19,,,,,,
Iron Boulder,,,18,,,,,,
Iron Crown,,,13,,,,,,
Terapagos,,,16,,,,,,
Pecharunt,,,14,,,,,,
Wormadam-Sandy,,,1,,,,,,
Wormadam-Trash,,,1,,,,,,
Shaymin-Sky,,,15,,,,,,
Rotom-Wash,,,11,,,,,,
Darmanitan-Galar,,,12,,,,,,
Meowstic-F,,,2,,,,,,
pumpkaboo-small,,,0,,,,,,
pumpkaboo-large,,,0,,,,,,
pumpkaboo-super,,,0,,,,,,
Gourgeist-Small,,,3,,,,,,
Gourgeist-Large,,,3,,,,,,
Gourgeist-Super,,,4,,,,,,
Floette-Eternal,,,10,,,,,,
Hoopa-Unbound,,,15,,,,,,
Raichu-Alola,,,8,,,,,,
Sandslash-Alola,,,2,,,,,,
Vulpix-Alola,,,1,,,,,,
Ninetales-Alola,,,15,,,,,,
Dugtrio-Alola,,,3,,,,,,
Persian-Alola,,,9,,,,,,
Golem-Alola,,,2,,,,,,
Muk-Alola,,,12,,,,,,
Exeggutor-Alola,,,4,,,,,,
Marowak-Alola,,,7,,,,,,
Oricorio-Pa'u,,,2,,,,,,
Oricorio-pompom,,,3,,,,,,
Oricorio-Sensu,,,2,,,,,,
Lycanroc-Midnight,,,2,,,,,,
Lycanroc-dusk,,,11,,,,,,
Rapidash-Galar,,,3,,,,,,
Slowbro-Galar,,,7,,,,,,
Weezing-Galar,,,7,,,,,,
Mr. Mime-Galar,,,3,,,,,,
Articuno-Galar,,,8,,,,,,
Zapdos-Galar,,,14,,,,,,
Moltres-Galar,,,12,,,,,,
Slowking-Galar,,,12,,,,,,
Corsola-Galar,,,1,,,,,,
Zygarde-10,,,9,,,,,,
Indeedee-F,,,17,,,,,,
Arcanine-Hisui,,,16,,,,,,
Electrode-Hisui,,,3,,,,,,
Typhlosion-Hisui,,,6,,,,,,
Qwilfish-Hisui,,,8,,,,,,
Sneasel-Hisui,,,6,,,,,,
Samurott-Hisui,,,11,,,,,,
Lilligant-Hisui,,,15,,,,,,
Zoroark-Hisui,,,8,,,,,,
Braviary-Hisui,,,6,,,,,,
Sliggoo-Hisui,,,8,,,,,,
Goodra-Hisui,,,7,,,,,,
Avalugg-Hisui,,,1,,,,,,
Decidueye-Hisui,,,6,,,,,,
Basculin-White Striped,,,3,,,,,,
Basculegion-F,,,16,,,,,,
Tauros-Paldea Combat,,,6,,,,,,
Tauros-Paldea Blaze,,,10,,,,,,
Tauros-Paldea Aqua,,,10,,,,,,
Oinkologne-F,,,1,,,,,,
Ursaluna-Bloodmoon,,,20,,,,,,